{
    "task_index": {
        "min": [
            0
        ],
        "max": [
            0
        ],
        "mean": [
            0.0
        ],
        "std": [
            0.0
        ],
        "count": [
            23146
        ],
        "q01": [
            3.999999999999418e-16
        ],
        "q10": [
            3.999999999999418e-15
        ],
        "q50": [
            1.999999999999708e-14
        ],
        "q90": [
            3.599999999999477e-14
        ],
        "q99": [
            3.959999999999423e-14
        ]
    },
    "index": {
        "min": [
            0
        ],
        "max": [
            23145
        ],
        "mean": [
            11572.5
        ],
        "std": [
            6681.674659095578
        ],
        "count": [
            23146
        ],
        "q01": [
            11340.959849768498
        ],
        "q10": [
            11383.364904926904
        ],
        "q50": [
            11572.306416313835
        ],
        "q90": [
            11761.428751774041
        ],
        "q99": [
            11804.020747310906
        ]
    },
    "action": {
        "min": [
            -58.93574142456055,
            -99.36851501464844,
            -40.823970794677734,
            50.252410888671875,
            -48.99665451049805,
            8.356546401977539
        ],
        "max": [
            33.73493957519531,
            42.35453414916992,
            100.0,
            100.0,
            -42.809364318847656,
            61.93128967285156
        ],
        "mean": [
            -3.4177467779328103,
            8.047460602509329,
            -5.382384364222075,
            92.47114214249864,
            -46.90352021015205,
            38.80947941958333
        ],
        "std": [
            13.818130644742663,
            15.664267856255869,
            15.373275953339208,
            11.383770736455148,
            1.4060775810687258,
            12.596732647817316
        ],
        "count": [
            23146
        ],
        "q01": [
            -14.561352037683067,
            -3.8638011804427665,
            -15.804277608373186,
            76.52727899613929,
            -47.16816476670617,
            22.0840038552037
        ],
        "q10": [
            -12.887897347917308,
            -3.658352609223664,
            -14.438272372548198,
            77.1894695053382,
            -47.133712382503646,
            22.202731478506696
        ],
        "q50": [
            -3.294570073205948,
            4.165476594676375,
            -6.4625554033852115,
            98.47993051000014,
            -46.92020114758605,
            45.643259283796205
        ],
        "q90": [
            7.138343249512766,
            25.46447844833516,
            6.316455293123598,
            99.96531982295832,
            -46.61894700561592,
            49.685569486131925
        ],
        "q99": [
            7.905266175949956,
            26.295326908292218,
            6.880585927237625,
            99.96614606742678,
            -46.56546038386144,
            49.9330690778764
        ]
    },
    "observation.images.front": {
        "min": [
            [
                [
                    0.0
                ]
            ],
            [
                [
                    0.0
                ]
            ],
            [
                [
                    0.0
                ]
            ]
        ],
        "max": [
            [
                [
                    1.0
                ]
            ],
            [
                [
                    1.0
                ]
            ],
            [
                [
                    1.0
                ]
            ]
        ],
        "mean": [
            [
                [
                    0.6502719698950576
                ]
            ],
            [
                [
                    0.6504064044940461
                ]
            ],
            [
                [
                    0.6291344320424429
                ]
            ]
        ],
        "std": [
            [
                [
                    0.013024481988481315
                ]
            ],
            [
                [
                    0.01335138232522481
                ]
            ],
            [
                [
                    0.013799454485875298
                ]
            ]
        ],
        "count": [
            5193
        ],
        "q01": [
            [
                [
                    0.02319292772436691
                ]
            ],
            [
                [
                    -3.921568627450982e-13
                ]
            ],
            [
                [
                    -3.921568627450982e-13
                ]
            ]
        ],
        "q10": [
            [
                [
                    0.356303826561702
                ]
            ],
            [
                [
                    0.34902748465472166
                ]
            ],
            [
                [
                    0.19667969415104944
                ]
            ]
        ],
        "q50": [
            [
                [
                    0.7097539152706569
                ]
            ],
            [
                [
                    0.7112977418219778
                ]
            ],
            [
                [
                    0.7187544398645402
                ]
            ]
        ],
        "q90": [
            [
                [
                    0.7885291463910785
                ]
            ],
            [
                [
                    0.7890711638581205
                ]
            ],
            [
                [
                    0.8056748916273286
                ]
            ]
        ],
        "q99": [
            [
                [
                    0.843233661668886
                ]
            ],
            [
                [
                    0.8428340556512064
                ]
            ],
            [
                [
                    0.8647625413797184
                ]
            ]
        ]
    },
    "observation.state": {
        "min": [
            -58.72382736206055,
            -99.27338409423828,
            -37.58139419555664,
            50.37174606323242,
            -49.081695556640625,
            15.442278861999512
        ],
        "max": [
            33.69890213012695,
            42.8701171875,
            99.81395721435547,
            100.0,
            -43.128562927246094,
            61.61919021606445
        ],
        "mean": [
            -3.4625309930269665,
            10.55729363092461,
            -3.7401083833940767,
            92.3899569549732,
            -46.96589167252188,
            39.82832914992045
        ],
        "std": [
            13.821611790242757,
            15.503516941196574,
            14.99861120677667,
            11.138338455402808,
            1.410919507533748,
            10.87005690435747
        ],
        "count": [
            23146
        ],
        "q01": [
            -14.255056061970546,
            -0.6825056031847193,
            -13.28122023435361,
            76.95942924115364,
            -47.10899423912217,
            25.71550280326597
        ],
        "q10": [
            -12.870011575258813,
            -0.6342081504325467,
            -12.247745210051706,
            77.49324115560994,
            -47.08972582963377,
            25.71789794916245
        ],
        "q50": [
            -3.3458472189746526,
            7.319568637418521,
            -4.826868382483803,
            98.20216238837854,
            -46.96266928324227,
            45.51597270516625
        ],
        "q90": [
            7.016125092150094,
            26.53661848335825,
            7.04703632547552,
            99.76998403347432,
            -46.808352519372846,
            49.206891096757296
        ],